stop_id,stop_code,stop_name,stop_desc,stop_lat,stop_lon,zone_id,stop_url,location_type,parent_station,stop_timezone,wheelchair_boarding
est_90_21,21,Intercambiador de Plaza de Castilla,Paseo de la Castellana 189,40.4669,-3.6892,A,http://www.crtm.es,1,,Europe/Madrid,0
est_90_25,25,Chamartín,Calle de Agustín de Foxá 40,40.4721,-3.68269,A,http://www.crtm.es,1,,Europe/Madrid,0
est_90_54,54,Atocha-Renfe,Avda de la Ciudad de Barcelona 2 B,40.40659,-3.6894400000000003,A,http://www.crtm.es,1,,Europe/Madrid,0
est_90_58,58,Puerta del Sol,Plaza de la Puerta del Sol 6,40.41688,-3.7033099999999997,A,http://www.crtm.es,1,,Europe/Madrid,0
est_4_10,10,TRIBUNAL,Calle de Fuencarral 81,40.426190000000005,-3.7011,A,http://www.crtm.es,1,,Europe/Madrid,0
est_4_11,11,GRAN VIA,Calle   Gran Vía 23,40.42001,-3.7018,A,http://www.crtm.es,1,,Europe/Madrid,0
est_4_13,13,TIRSO DE MOLINA,Plaza de Tirso de Molina 7,40.41235,-3.70466,A,http://www.crtm.es,1,,Europe/Madrid,0
est_4_14,14,ANTON MARTIN,Calle de Atocha 50,40.412459999999996,-3.6993699999999996,A,http://www.crtm.es,1,,Europe/Madrid,0
est_4_15,15,ESTACION DEL ARTE,Plaza del Emperador Carlos V 11,40.40885,-3.6924900000000003,A,http://www.crtm.es,1,,Europe/Madrid,0
est_4_17,17,MENENDEZ PELAYO,Avda de la Ciudad de Barcelona 23,40.40445,-3.6809800000000004,A,http://www.crtm.es,1,,Europe/Madrid,0
est_4_18,18,PACIFICO,Avda de la Ciudad de Barcelona 79,40.40126,-3.6751400000000003,A,http://www.crtm.es,1,,Europe/Madrid,0
est_4_19,19,PUENTE DE VALLECAS,Avda de la Albufera 1,40.39819,-3.66906,A,http://www.crtm.es,1,,Europe/Madrid,0
est_4_2,2,VALDEACEDERAS,Calle de Bravo Murillo 332,40.464420000000004,-3.69506,A,http://www.crtm.es,1,,Europe/Madrid,0
est_4_20,20,NUEVA NUMANCIA,Avda de la Albufera 70,40.395540000000004,-3.66414,A,http://www.crtm.es,1,,Europe/Madrid,0
est_4_21,21,PORTAZGO,Avda de la Albufera 131,40.39266,-3.6586800000000004,A,http://www.crtm.es,1,,Europe/Madrid,0
est_4_22,22,BUENOS AIRES,Avda de la Albufera 179,40.39156,-3.6539099999999998,A,http://www.crtm.es,1,,Europe/Madrid,0
est_4_23,23,ALTO DEL ARENAL,Calle de Santillana del Mar 21,40.38977,-3.6452199999999997,A,http://www.crtm.es,1,,Europe/Madrid,2
est_4_24,24,MIGUEL HERNANDEZ,Calle de León Felipe 4 A,40.38732,-3.63951,A,http://www.crtm.es,1,,Europe/Madrid,2
est_4_25,25,SIERRA DE GUADALUPE,Avda de la Democracia 1,40.38216,-3.6247199999999995,A,http://www.crtm.es,1,,Europe/Madrid,2
est_4_26,26,VILLA DE VALLECAS,Paseo de Federico García Lorca 2,40.3796,-3.6213,A,http://www.crtm.es,1,,Europe/Madrid,2
est_4_262,262,BAMBU,Calle del Bambú 14,40.476820000000004,-3.67637,A,http://www.crtm.es,1,,Europe/Madrid,2
est_4_263,263,PINAR DE CHAMARTIN,Calle de Arturo Soria 330,40.480140000000006,-3.6668,A,http://www.crtm.es,1,,Europe/Madrid,2
est_4_27,27,CONGOSTO,Calle del Congosto 48,40.37238,-3.61884,A,http://www.crtm.es,1,,Europe/Madrid,2
est_4_293,293,LA GAVIA,Avda del Ensanche de Vallecas 16,40.37019,-3.61346,A,http://www.crtm.es,1,,Europe/Madrid,2
est_4_294,294,LAS SUERTES,Calle de Cañada del Santísimo 45,40.36323,-3.59953,A,http://www.crtm.es,1,,Europe/Madrid,2
est_4_295,295,VALDECARROS,Avda del Ensanche de Vallecas 120 A,40.36007,-3.5931599999999997,A,http://www.crtm.es,1,,Europe/Madrid,2
est_4_3,3,TETUAN,Calle de Bravo Murillo 264,40.46055,-3.69825,A,http://www.crtm.es,1,,Europe/Madrid,0
est_4_4,4,ESTRECHO,Calle de Bravo Murillo 191,40.45429,-3.7030199999999995,A,http://www.crtm.es,1,,Europe/Madrid,0
est_4_5,5,ALVARADO,Calle de Bravo Murillo 138,40.45033,-3.7033099999999997,A,http://www.crtm.es,1,,Europe/Madrid,0
est_4_6,6,CUATRO CAMINOS,Gta de Cuatro Caminos 2,40.44697,-3.7039699999999995,A,http://www.crtm.es,1,,Europe/Madrid,2
est_4_7,7,RIOS ROSAS,Calle de Ríos Rosas 22,40.44198,-3.7013300000000005,A,http://www.crtm.es,1,,Europe/Madrid,0
est_4_8,8,IGLESIA,Gta del Pintor Sorolla 2,40.43492,-3.69898,A,http://www.crtm.es,1,,Europe/Madrid,2
est_4_9,9,BILBAO,Calle de Sagasta 2,40.42906,-3.7021800000000002,A,http://www.crtm.es,1,,Europe/Madrid,0
est_4_260,260,LA ELIPA,Avda del Marqués de Corbera 58,40.42662,-3.6505199999999998,A,http://www.crtm.es,1,,Europe/Madrid,2
est_4_28,28,VENTAS,Calle de Alcalá 204,40.43088,-3.6636599999999997,A,http://www.crtm.es,1,,Europe/Madrid,0
est_4_29,29,MANUEL BECERRA,Plaza de Manuel Becerra 1,40.4279,-3.66926,A,http://www.crtm.es,1,,Europe/Madrid,0
est_4_30,30,GOYA,Calle de Alcalá 96,40.42455,-3.67591,A,http://www.crtm.es,1,,Europe/Madrid,2
est_4_31,31,PRINCIPE DE VERGARA,Calle de Alcalá 123,40.422940000000004,-3.6801199999999996,A,http://www.crtm.es,1,,Europe/Madrid,0
est_4_32,32,RETIRO,Calle de Alcalá 81,40.42031,-3.68624,A,http://www.crtm.es,1,,Europe/Madrid,0
est_4_322,322,LA ALMUDENA,Calle de Arriaga 75,40.42361,-3.6391400000000003,,http://www.crtm.es,1,,Europe/Madrid,0
est_4_323,323,ALSACIA,Plaza de Alsacia S/N,40.41829,-3.62351,,http://www.crtm.es,1,,Europe/Madrid,0
est_4_324,324,AVENIDA DE GUADALAJARA,Avda de Guadalajara 110,40.42239,-3.61206,A,http://www.crtm.es,1,,Europe/Madrid,0
est_4_325,325,LAS ROSAS,Paseo de Ginebra 35,40.42375,-3.60331,A,http://www.crtm.es,1,,Europe/Madrid,0
est_4_33,33,BANCO DE ESPAÑA,Calle de Alcalá 49,40.41922,-3.6949699999999996,A,http://www.crtm.es,1,,Europe/Madrid,0
est_4_36,36,OPERA,Plaza de Isabel II 9,40.41809,-3.7094199999999997,A,http://www.crtm.es,1,,Europe/Madrid,0
est_4_37,37,SANTO DOMINGO,Calle de San Bernardo 11,40.42132,-3.70796,A,http://www.crtm.es,1,,Europe/Madrid,0
est_4_39,39,SAN BERNARDO,Calle de San Bernardo 94,40.430009999999996,-3.70557,A,http://www.crtm.es,1,,Europe/Madrid,0
est_4_40,40,QUEVEDO,Gta de Quevedo 1,40.43322,-3.70433,A,http://www.crtm.es,1,,Europe/Madrid,0
est_4_41,41,CANAL,Calle de Bravo Murillo 40,40.43841,-3.70433,A,http://www.crtm.es,1,,Europe/Madrid,2
est_90_14,14,Intercambiador de Moncloa,Plaza de la Moncloa 1,40.43523,-3.71919,A,http://www.crtm.es,1,,Europe/Madrid,0
est_4_267,267,ALMENDRALES,Avda de Córdoba 21,40.38409,-3.6978800000000005,A,http://www.crtm.es,1,,Europe/Madrid,2
est_4_268,268,HOSPITAL 12 DE OCTUBRE,Avda de Córdoba 49,40.375029999999995,-3.69585,A,http://www.crtm.es,1,,Europe/Madrid,2
est_4_269,269,SAN FERMIN-ORCASUR,Avda de Andalucía 9,40.36999,-3.6941800000000002,A,http://www.crtm.es,1,,Europe/Madrid,2
est_4_270,270,CIUDAD DE LOS ANGELES,Avda de Andalucía 38,40.359590000000004,-3.69363,A,http://www.crtm.es,1,,Europe/Madrid,2
est_4_271,271,VILLAVERDE BAJO-CRUCE,Avda de Andalucía 38,40.35089,-3.69265,A,http://www.crtm.es,1,,Europe/Madrid,2
est_4_272,272,SAN CRISTOBAL,Avda de Andalucía 81,40.34154,-3.6931800000000004,A,http://www.crtm.es,1,,Europe/Madrid,2
est_4_273,273,VILLAVERDE ALTO,Calle del Valle de Tobalina 56,40.341229999999996,-3.71199,A,http://www.crtm.es,1,,Europe/Madrid,2
est_4_43,43,LEGAZPI,Plaza de Legazpi 2 B,40.39116,-3.6951099999999997,A,http://www.crtm.es,1,,Europe/Madrid,2
est_4_44,44,DELICIAS,Paseo de las Delicias 60,40.3999,-3.6942,A,http://www.crtm.es,1,,Europe/Madrid,2
est_4_45,45,PALOS DE LA FRONTERA,Calle de Palos de la Frontera 33,40.40307,-3.69423,A,http://www.crtm.es,1,,Europe/Madrid,2
est_4_46,46,EMBAJADORES,Gta de Embajadores 10,40.40513,-3.7026800000000004,A,http://www.crtm.es,1,,Europe/Madrid,2
est_4_47,47,LAVAPIES,Plaza de Lavapiés 7,40.40851,-3.7009,A,http://www.crtm.es,1,,Europe/Madrid,2
est_4_49,49,CALLAO,Plaza del Callao 3,40.42014,-3.70566,A,http://www.crtm.es,1,,Europe/Madrid,2
est_4_50,50,PLAZA DE ESPAÑA,Plaza de España 1,40.42342,-3.7112,A,http://www.crtm.es,1,,Europe/Madrid,2
est_4_51,51,VENTURA RODRIGUEZ,Calle de la Princesa 22,40.42709,-3.7134099999999997,A,http://www.crtm.es,1,,Europe/Madrid,2
est_4_52,52,ARGÜELLES,Calle de Alberto Aguilera 72,40.430659999999996,-3.71596,A,http://www.crtm.es,1,,Europe/Madrid,0
est_90_4,4,Intercambiador de Avenida de América,Avda de América 9 A,40.43803,-3.6766900000000002,A,http://www.crtm.es,1,,Europe/Madrid,0
est_4_264,264,HORTALEZA,Calle del Capitán Cortés 4,40.47537,-3.65257,A,http://www.crtm.es,1,,Europe/Madrid,2
est_4_265,265,MANOTERAS,Calle de Bacares 24,40.47687,-3.6629,A,http://www.crtm.es,1,,Europe/Madrid,2
est_4_57,57,ALONSO MARTINEZ,Plaza de Alonso Martínez 4,40.42772,-3.6959400000000002,A,http://www.crtm.es,1,,Europe/Madrid,0
est_4_58,58,COLON,Plaza de Colón 2,40.42542,-3.69101,A,http://www.crtm.es,1,,Europe/Madrid,0
est_4_59,59,SERRANO,Calle de Goya 19,40.42543,-3.68663,A,http://www.crtm.es,1,,Europe/Madrid,0
est_4_60,60,VELAZQUEZ,Calle de Núñez de Balboa 33,40.42503,-3.6829199999999997,A,http://www.crtm.es,1,,Europe/Madrid,0
est_4_62,62,LISTA,Calle del Conde de Peñalver 45,40.42917,-3.67541,A,http://www.crtm.es,1,,Europe/Madrid,0
est_4_63,63,DIEGO DE LEON,Calle de Diego de León 69,40.43468,-3.67495,A,http://www.crtm.es,1,,Europe/Madrid,0
est_4_65,65,PROSPERIDAD,Plaza de la Prosperidad 4,40.44419,-3.6748199999999995,A,http://www.crtm.es,1,,Europe/Madrid,0
est_4_66,66,ALFONSO XIII,Calle de López de Hoyos 190,40.44825,-3.66791,A,http://www.crtm.es,1,,Europe/Madrid,0
est_4_67,67,AVENIDA DE LA PAZ,Avda de Ramón y Cajal 107,40.453540000000004,-3.6611800000000003,A,http://www.crtm.es,1,,Europe/Madrid,0
est_4_68,68,ARTURO SORIA,Calle de Arturo Soria 172,40.45583,-3.6561800000000004,A,http://www.crtm.es,1,,Europe/Madrid,0
est_4_69,69,ESPERANZA,Calle de Andorra 51,40.45945,-3.6458199999999996,A,http://www.crtm.es,1,,Europe/Madrid,0
est_4_70,70,CANILLAS,Avda de Machupichu 64,40.463809999999995,-3.6356,A,http://www.crtm.es,1,,Europe/Madrid,2
est_4_71,71,MAR DE CRISTAL,Gta del Mar de Cristal 1 B,40.469429999999996,-3.6383199999999998,A,http://www.crtm.es,1,,Europe/Madrid,2
est_4_72,72,SAN LORENZO,Avda de la Barranquilla 9,40.474470000000004,-3.6395800000000005,A,http://www.crtm.es,1,,Europe/Madrid,2
est_4_73,73,PARQUE DE SANTA MARIA,Calle de Santa Virgilia 1,40.477109999999996,-3.6452400000000003,A,http://www.crtm.es,1,,Europe/Madrid,2
est_90_1,1,Aluche,Calle de Valmojado 293,40.38563,-3.76085,A,http://www.crtm.es,1,,Europe/Madrid,0
est_4_101,101,EMPALME,Calle de Tembleque 105,40.390570000000004,-3.76535,A,http://www.crtm.es,1,,Europe/Madrid,2
est_4_102,102,CAMPAMENTO,Avda del Padre Piquer 7,40.39481,-3.76813,A,http://www.crtm.es,1,,Europe/Madrid,0
est_4_103,103,CASA DE CAMPO,Ctra del Zoo 1,40.403240000000004,-3.7610099999999997,A,http://www.crtm.es,1,,Europe/Madrid,2
est_4_252,252,ALAMEDA DE OSUNA,Calle de la Corbeta 14,40.45779,-3.5875199999999996,A,http://www.crtm.es,1,,Europe/Madrid,2
est_4_253,253,EL CAPRICHO,Calle de Pinos de Osuna 15,40.45347,-3.59401,A,http://www.crtm.es,1,,Europe/Madrid,2
est_4_74,74,CANILLEJAS,Calle de Alcalá 631,40.44942,-3.60816,A,http://www.crtm.es,1,,Europe/Madrid,0
est_4_75,75,TORRE ARIAS,Calle de Alcalá 557,40.443740000000005,-3.61699,A,http://www.crtm.es,1,,Europe/Madrid,0
est_4_76,76,SUANZES,Calle de Alcalá 527,40.44085,-3.62684,A,http://www.crtm.es,1,,Europe/Madrid,0
est_4_77,77,CIUDAD LINEAL,Calle de Arturo Soria 2,40.43805,-3.63816,A,http://www.crtm.es,1,,Europe/Madrid,0
est_4_78,78,PUEBLO NUEVO,Calle de Alcalá 372,40.43569,-3.6428199999999995,A,http://www.crtm.es,1,,Europe/Madrid,0
est_4_79,79,QUINTANA,Calle de la Virgen del Sagrario 2,40.43358,-3.64736,A,http://www.crtm.es,1,,Europe/Madrid,0
est_4_80,80,EL CARMEN,Calle de Raquel Méller 2,40.43189,-3.6575699999999998,A,http://www.crtm.es,1,,Europe/Madrid,0
est_4_83,83,NUÑEZ DE BALBOA,Calle de Juan Bravo 20,40.43278,-3.68258,A,http://www.crtm.es,1,,Europe/Madrid,0
est_4_84,84,RUBEN DARIO,Paseo de Eduardo Dato 33,40.43316,-3.68954,A,http://www.crtm.es,1,,Europe/Madrid,0
est_4_86,86,CHUECA,Plaza de Chueca 7,40.42293,-3.6976199999999997,A,http://www.crtm.es,1,,Europe/Madrid,0
est_4_90,90,LA LATINA,Calle de San Millán 5,40.41128,-3.70816,A,http://www.crtm.es,1,,Europe/Madrid,0
est_4_91,91,PUERTA DE TOLEDO,Gta de Puerta de Toledo 1,40.40704,-3.71105,A,http://www.crtm.es,1,,Europe/Madrid,0
est_4_93,93,PIRAMIDES,Paseo del Doctor Vallejo Nágera 37,40.4026,-3.71138,A,http://www.crtm.es,1,,Europe/Madrid,2
est_4_94,94,MARQUES DE VADILLO,Gta del Marqués de Vadillo 4,40.39736,-3.71596,A,http://www.crtm.es,1,,Europe/Madrid,0
est_4_95,95,URGEL,Calle del Camino Viejo de Leganés 1,40.39335,-3.7236,A,http://www.crtm.es,1,,Europe/Madrid,0
est_4_96,96,OPORTO,Gta del Valle de Oro 13,40.388459999999995,-3.7313199999999997,A,http://www.crtm.es,1,,Europe/Madrid,0
est_4_97,97,VISTA ALEGRE,Calle de la Oca 74,40.38885,-3.73982,A,http://www.crtm.es,1,,Europe/Madrid,0
est_4_98,98,CARABANCHEL,Gta del Ejército 1,40.38783,-3.7448699999999997,A,http://www.crtm.es,1,,Europe/Madrid,0
est_4_99,99,EUGENIA DE MONTIJO,Calle de Ocaña 86,40.38439,-3.75121,A,http://www.crtm.es,1,,Europe/Madrid,2
est_90_13,13,Méndez Álvaro Estación Sur,Calle del Ombu 16,40.395379999999996,-3.6781900000000003,A,http://www.crtm.es,1,,Europe/Madrid,0
est_90_18,18,Intercambiador de Príncipe Pío,Paseo de la Florida 2,40.42107,-3.7203699999999995,A,http://www.crtm.es,1,,Europe/Madrid,0
est_90_36,36,Intercambiador de Plaza Elíptica,Calle  Vía Lusitana 2,40.3846,-3.7184800000000005,A,http://www.crtm.es,1,,Europe/Madrid,0
est_90_71,71,Nuevos Ministerios,Calle de Raimundo Fernández Villaverde 67,40.44662,-3.69246,A,http://www.crtm.es,1,,Europe/Madrid,0
est_4_104,104,LAGUNA,Calle de Cuart de Poblet 1,40.399229999999996,-3.7442900000000003,A,http://www.crtm.es,1,,Europe/Madrid,0
est_4_105,105,CARPETANA,Calle   Vía Carpetana 141,40.3927,-3.74099,A,http://www.crtm.es,1,,Europe/Madrid,0
est_4_107,107,OPAÑEL,Calle del Valle de Oro 50 A,40.3869,-3.7231300000000003,A,http://www.crtm.es,1,,Europe/Madrid,0
est_4_109,109,USERA,Calle de Amparo Usera 44,40.3871,-3.7069,A,http://www.crtm.es,1,,Europe/Madrid,0
est_4_113,113,CONDE DE CASAL,Plaza del Conde de Casal 3,40.40697,-3.67041,A,http://www.crtm.es,1,,Europe/Madrid,2
est_4_114,114,SAINZ DE BARANDA,Calle del Doctor Esquerdo 103,40.41507,-3.66951,A,http://www.crtm.es,1,,Europe/Madrid,0
est_4_115,115,ODONNELL,Calle del Doctor Esquerdo 47,40.42289,-3.6686,A,http://www.crtm.es,1,,Europe/Madrid,0
est_4_119,119,REPUBLICA ARGENTINA,Calle de Joaquín Costa 24,40.44379,-3.6840599999999997,A,http://www.crtm.es,1,,Europe/Madrid,0
est_4_122,122,GUZMAN EL BUENO,Calle de Guzmán el Bueno 118,40.44637,-3.7122900000000003,A,http://www.crtm.es,1,,Europe/Madrid,2
est_4_123,123,VICENTE ALEIXANDRE,Avda de Gregorio del Amo 4,40.44644,-3.7194300000000005,A,http://www.crtm.es,1,,Europe/Madrid,0
est_4_124,124,CIUDAD UNIVERSITARIA,Avda  Complutense 1,40.44356,-3.72678,A,http://www.crtm.es,1,,Europe/Madrid,2
est_4_128,128,PUERTA DEL ANGEL,Paseo de Extremadura 26,40.4139,-3.72724,A,http://www.crtm.es,1,,Europe/Madrid,0
est_4_129,129,ALTO DE EXTREMADURA,Paseo de Extremadura 154,40.409929999999996,-3.73894,A,http://www.crtm.es,1,,Europe/Madrid,0
est_4_130,130,LUCERO,Calle de las Higueras 47,40.4051,-3.74534,A,http://www.crtm.es,1,,Europe/Madrid,2
est_4_259,259,ARGANZUELA-PLANETARIO,Calle del Bronce 1 A,40.3931,-3.6886400000000004,A,http://www.crtm.es,1,,Europe/Madrid,2
est_4_132,132,LAS MUSAS,,40.432990000000004,-3.60788,A,http://www.crtm.es,1,,Europe/Madrid,0
est_4_133,133,SAN BLAS,,40.42799,-3.6154699999999997,A,http://www.crtm.es,1,,Europe/Madrid,0
est_4_134,134,SIMANCAS,,40.42799,-3.62572,A,http://www.crtm.es,1,,Europe/Madrid,0
est_4_135,135,GARCIA NOBLEJAS,,40.42842,-3.6333,A,http://www.crtm.es,1,,Europe/Madrid,0
est_4_136,136,ASCAO,,40.430209999999995,-3.64106,A,http://www.crtm.es,1,,Europe/Madrid,0
est_4_138,138,BARRIO DE LA CONCEPCION,,40.4391,-3.6519999999999997,A,http://www.crtm.es,1,,Europe/Madrid,0
est_4_139,139,PARQUE DE LAS AVENIDAS,,40.43945,-3.6629699999999996,A,http://www.crtm.es,1,,Europe/Madrid,0
est_4_140,140,CARTAGENA,,40.43934,-3.67215,A,http://www.crtm.es,1,,Europe/Madrid,0
est_4_142,142,GREGORIO MARAÑON,,40.43825,-3.6914800000000003,A,http://www.crtm.es,1,,Europe/Madrid,2
est_4_143,143,ALONSO CANO,,40.43838,-3.69925,A,http://www.crtm.es,1,,Europe/Madrid,2
est_4_145,145,ISLAS FILIPINAS,,40.43907,-3.7137300000000004,A,http://www.crtm.es,1,,Europe/Madrid,2
est_4_147,147,FRANCOS RODRIGUEZ,,40.45648,-3.71239,A,http://www.crtm.es,1,,Europe/Madrid,2
est_4_148,148,VALDEZARZA,,40.46482,-3.7159699999999996,A,http://www.crtm.es,1,,Europe/Madrid,2
est_4_149,149,ANTONIO MACHADO,,40.47022,-3.71769,A,http://www.crtm.es,1,,Europe/Madrid,2
est_4_150,150,PEÑAGRANDE,,40.47592,-3.71582,A,http://www.crtm.es,1,,Europe/Madrid,0
est_4_151,151,AVDA. DE LA ILUSTRACION,,40.4801,-3.7184,A,http://www.crtm.es,1,,Europe/Madrid,2
est_4_152,152,LACOMA,,40.48502,-3.72305,A,http://www.crtm.es,1,,Europe/Madrid,2
est_4_153,153,ARROYOFRESNO,,40.4909,-3.7260400000000002,A,http://www.crtm.es,1,,Europe/Madrid,0
est_4_154,154,PITIS,,40.49511,-3.72589,A,http://www.crtm.es,1,,Europe/Madrid,2
est_4_286,286,ESTADIO METROPOLITANO,Avda de Arcentales 28,40.43339,-3.60015,A,http://www.crtm.es,1,,Europe/Madrid,2
est_4_287,287,BARRIO DEL PUERTO,Avda de España 8,40.4225,-3.5691900000000003,B1,http://www.crtm.es,1,,Europe/Madrid,2
est_4_288,288,COSLADA CENTRAL,Calle del Doctor Fleming 41,40.42374,-3.5611900000000003,B1,http://www.crtm.es,1,,Europe/Madrid,2
est_4_289,289,LA RAMBLA,Calle   Honduras 2,40.42514,-3.5479199999999995,B1,http://www.crtm.es,1,,Europe/Madrid,2
est_4_290,290,SAN FERNANDO,Calle de Gonzalo de Córdoba 24,40.424409999999995,-3.5354099999999997,B1,http://www.crtm.es,1,,Europe/Madrid,2
est_4_291,291,JARAMA,Plaza   Guernica 1,40.42295,-3.52549,B1,http://www.crtm.es,1,,Europe/Madrid,2
est_4_292,292,HENARES,Avda de Algorta 12,40.417770000000004,-3.5271800000000004,B1,http://www.crtm.es,1,,Europe/Madrid,2
est_4_296,296,HOSPITAL DEL HENARES,Cmno del Tiro SN,40.417609999999996,-3.53453,B1,http://www.crtm.es,1,,Europe/Madrid,2
est_90_33,33,Aeropuerto T4,Ctra de Alcobendas a Barajas SN,40.49176,-3.5935599999999996,A,http://www.crtm.es,1,,Europe/Madrid,0
est_90_34,34,Aeropuerto T1 - T2 - T3,Avda de la Hispanidad SN,40.46864,-3.56965,A,http://www.crtm.es,1,,Europe/Madrid,0
est_4_156,156,COLOMBIA,Calle del Príncipe de Vergara 258,40.456340000000004,-3.6768199999999998,A,http://www.crtm.es,1,,Europe/Madrid,2
est_4_158,158,FERIA DE MADRID,Avda del Partenón 5,40.46389,-3.6162,A,http://www.crtm.es,1,,Europe/Madrid,2
est_4_160,160,BARAJAS,Cmno  Viejo de Hortaleza 10,40.475770000000004,-3.58253,A,http://www.crtm.es,1,,Europe/Madrid,2
est_4_258,258,PINAR DEL REY,Avda de la Gran Vía de Hortaleza 47,40.468,-3.6486699999999996,A,http://www.crtm.es,1,,Europe/Madrid,2
est_4_161,161,HERRERA ORIA,Calle de Valencia de Don Juan 1,40.48466,-3.7075099999999996,A,http://www.crtm.es,1,,Europe/Madrid,0
est_4_162,162,BARRIO DEL PILAR,Calle de Ginzo de Limia 22,40.476890000000004,-3.70316,A,http://www.crtm.es,1,,Europe/Madrid,0
est_4_163,163,VENTILLA,Avda de Asturias 39,40.469440000000006,-3.6958800000000003,A,http://www.crtm.es,1,,Europe/Madrid,0
est_4_165,165,DUQUE DE PASTRANA,Calle de Mateo Inurria 41,40.46763,-3.6791699999999996,A,http://www.crtm.es,1,,Europe/Madrid,0
est_4_166,166,PIO XII,Avda de Pío XII 27,40.463,-3.67579,A,http://www.crtm.es,1,,Europe/Madrid,0
est_4_168,168,CONCHA ESPINA,Calle del Príncipe de Vergara 210,40.45145,-3.6773800000000003,A,http://www.crtm.es,1,,Europe/Madrid,0
est_4_169,169,CRUZ DEL RAYO,Calle del Príncipe de Vergara 138,40.44427,-3.67821,A,http://www.crtm.es,1,,Europe/Madrid,0
est_4_173,173,IBIZA,Calle de Ibiza 1,40.41839,-3.67858,A,http://www.crtm.es,1,,Europe/Madrid,0
est_4_175,175,ESTRELLA,Calle del Camino de los Vinateros 1,40.41147,-3.6617900000000003,A,http://www.crtm.es,1,,Europe/Madrid,0
est_4_176,176,VINATEROS,Calle del Camino de los Vinateros 70,40.41024,-3.6527300000000005,A,http://www.crtm.es,1,,Europe/Madrid,0
est_4_177,177,ARTILLEROS,Calle del Camino de los Vinateros 210,40.40522,-3.64181,A,http://www.crtm.es,1,,Europe/Madrid,0
est_4_178,178,PAVONES,Calle de la Hacienda de Pavones 342,40.40051,-3.6351199999999997,A,http://www.crtm.es,1,,Europe/Madrid,0
est_4_179,179,VALDEBERNARDO,Bulv de Indalecio Prieto 26,40.40005,-3.6215599999999997,A,http://www.crtm.es,1,,Europe/Madrid,2
est_4_180,180,VICALVARO,Calle de San Cipriano 11,40.40422,-3.60886,A,http://www.crtm.es,1,,Europe/Madrid,2
est_4_181,181,SAN CIPRIANO,Calle de San Cipriano 68,40.40381,-3.60239,A,http://www.crtm.es,1,,Europe/Madrid,2
est_4_182,182,PUERTA DE ARGANDA,Calle de San Cipriano 85,40.40132,-3.5959800000000004,A,http://www.crtm.es,1,,Europe/Madrid,2
est_4_183,183,RIVAS URBANIZACIONES,Plaza de Galicia 5,40.36677,-3.54728,B1,http://www.crtm.es,1,,Europe/Madrid,2
est_4_184,184,RIVAS VACIAMADRID,Calle   Areneros 6,40.32837,-3.5206,B2,http://www.crtm.es,1,,Europe/Madrid,2
est_4_185,185,LA POVEDA,Parcela   9017 Polígono 1 S/N,40.31902,-3.47745,B3,http://www.crtm.es,1,,Europe/Madrid,2
est_4_186,186,ARGANDA DEL REY,Paseo de la Estación 37,40.303670000000004,-3.44752,B3,http://www.crtm.es,1,,Europe/Madrid,2
est_4_300,300,RIVAS FUTURA,Calle   Concepción Arenal 1,40.34134,-3.5247900000000003,B1,http://www.crtm.es,1,,Europe/Madrid,2
est_4_326,326,MIRASIERRA,Avda del Ventisquero de la Condesa 28,40.4911,-3.71634,,http://www.crtm.es,1,,Europe/Madrid,0
est_4_345,345,PACO DE LUCIA,Calle de Monasterio de Las Huelgas 5,40.49965,-3.70908,,http://www.crtm.es,1,,Europe/Madrid,0
est_4_187,187,FUENCARRAL,Calle de la Fuente Chica 21,40.495090000000005,-3.6928300000000003,A,http://www.crtm.es,1,,Europe/Madrid,0
est_4_188,188,BEGOÑA,Paseo de la Castellana 261,40.48041,-3.68585,A,http://www.crtm.es,1,,Europe/Madrid,0
est_4_191,191,CUZCO,Paseo de la Castellana 162,40.458420000000004,-3.68985,A,http://www.crtm.es,1,,Europe/Madrid,0
est_4_192,192,SANTIAGO BERNABEU,Paseo de la Castellana 97,40.45159,-3.69038,A,http://www.crtm.es,1,,Europe/Madrid,0
est_4_199,199,LAGO,Ronda del Lago 3,40.41641,-3.7356300000000005,A,http://www.crtm.es,1,,Europe/Madrid,2
est_4_200,200,BATAN,Paseo de la Venta 1,40.40786,-3.75311,A,http://www.crtm.es,1,,Europe/Madrid,2
est_4_202,202,COLONIA JARDIN,Calle de Arenas de San Pedro 2,40.39698,-3.7746199999999996,A,http://www.crtm.es,1,,Europe/Madrid,2
est_4_203,203,CUATRO VIENTOS,Col   Militar de Cuatro Vientos 6 B,40.37771,-3.79152,A,http://www.crtm.es,1,,Europe/Madrid,2
est_4_204,204,JOAQUIN VILUMBRALES,Avda de la Libertad 13,40.34985,-3.8072,B1,http://www.crtm.es,1,,Europe/Madrid,2
est_4_205,205,PUERTA DEL SUR,Avda de la Libertad 2,40.345240000000004,-3.8121099999999997,B1,http://www.crtm.es,1,,Europe/Madrid,2
est_4_257,257,AVIACION ESPAÑOLA,Paseo de Extremadura 463,40.38364,-3.7839199999999997,A,http://www.crtm.es,1,,Europe/Madrid,2
est_4_274,274,TRES OLIVOS,Acces   M-607 SN,40.5012,-3.6952,A,http://www.crtm.es,1,,Europe/Madrid,2
est_4_275,275,MONTECARMELO,Avda de Monasterio de Silos 63 A,40.50525,-3.69575,A,http://www.crtm.es,1,,Europe/Madrid,2
est_4_276,276,LAS TABLAS,Calle de Palas de Rey 30,40.50833,-3.6694400000000003,A,http://www.crtm.es,1,,Europe/Madrid,2
est_4_277,277,RONDA DE LA COMUNICACION,Ronda de la Comunicación 22,40.51553,-3.6627699999999996,A,http://www.crtm.es,1,,Europe/Madrid,2
est_4_278,278,LA GRANJA,Calle de Sepúlveda 1,40.5276,-3.6585900000000002,B1,http://www.crtm.es,1,,Europe/Madrid,2
est_4_279,279,LA MORALEJA,Avda de la Ermita 5,40.53196,-3.63556,B1,http://www.crtm.es,1,,Europe/Madrid,2
est_4_280,280,MARQUES DE LA VALDAVIA,Calle del Marqués de la Valdavia 21,40.54102,-3.6373800000000003,B1,http://www.crtm.es,1,,Europe/Madrid,2
est_4_281,281,MANUEL DE FALLA,Calle   Manuel de Falla 59,40.55048,-3.6468800000000003,B1,http://www.crtm.es,1,,Europe/Madrid,2
est_4_282,282,BAUNATAL,Avda de las Lomas del Rey 2,40.55442,-3.63513,B1,http://www.crtm.es,1,,Europe/Madrid,2
est_4_283,283,REYES CATOLICOS,Avda de la Plaza de Toros 7,40.55037,-3.6234,B1,http://www.crtm.es,1,,Europe/Madrid,2
est_4_284,284,HOSPITAL INFANTA SOFÍA,Paseo   Europa 11,40.55977,-3.61145,B1,http://www.crtm.es,1,,Europe/Madrid,2
est_4_207,207,ABRANTES,Avda de Abrantes 77,40.380829999999996,-3.7279,A,http://www.crtm.es,1,,Europe/Madrid,2
est_4_208,208,PAN BENDITO,Avda de Abrantes 289,40.37587,-3.7341699999999998,A,http://www.crtm.es,1,,Europe/Madrid,2
est_4_254,254,SAN FRANCISCO,Avda de los Poblados 102,40.3736,-3.7391,A,http://www.crtm.es,1,,Europe/Madrid,2
est_4_255,255,CARABANCHEL ALTO,Avda de Carabanchel Alto 40,40.372,-3.7519099999999996,A,http://www.crtm.es,1,,Europe/Madrid,2
est_4_256,256,LA PESETA,Calle de Salvador Allende 3,40.36422,-3.7569,A,http://www.crtm.es,1,,Europe/Madrid,2
est_4_305,305,LA FORTUNA,Calle   San José 40,40.35795,-3.7778300000000002,,http://www.crtm.es,1,,Europe/Madrid,0
est_4_210,210,PARQUE LISBOA,Calle de Porto Lagos 7,40.34969,-3.8212,B1,http://www.crtm.es,1,,Europe/Madrid,2
est_4_211,211,ALCORCON CENTRAL,Avda de Móstoles 12,40.35008,-3.83178,B1,http://www.crtm.es,1,,Europe/Madrid,2
est_4_212,212,PARQUE OESTE,Calle de Estambul 5,40.345890000000004,-3.84934,B1,http://www.crtm.es,1,,Europe/Madrid,2
est_4_213,213,UNIVERSIDAD REY JUAN CARLOS,Calle   Tulipán 2,40.33512,-3.87218,B2,http://www.crtm.es,1,,Europe/Madrid,2
est_4_214,214,MOSTOLES CENTRAL,Paseo de la Estación 13,40.3285,-3.86354,B2,http://www.crtm.es,1,,Europe/Madrid,2
est_4_215,215,PRADILLO,Calle de Agustina de Aragón 23,40.32168,-3.86489,B2,http://www.crtm.es,1,,Europe/Madrid,2
est_4_216,216,HOSPITAL DE MOSTOLES,Calle del Río Sella 10,40.316520000000004,-3.87471,B2,http://www.crtm.es,1,,Europe/Madrid,2
est_4_217,217,MANUELA MALASAÑA,Plaza   Sol de 9001 SN,40.30903,-3.8640199999999996,B2,http://www.crtm.es,1,,Europe/Madrid,2
est_4_218,218,LORANCA,Calle de la Alegría 4,40.29681,-3.83768,B2,http://www.crtm.es,1,,Europe/Madrid,2
est_4_219,219,HOSPITAL DE FUENLABRADA,Cmno del Molino 3,40.285759999999996,-3.81642,B2,http://www.crtm.es,1,,Europe/Madrid,2
est_4_220,220,PARQUE EUROPA,Calle de Francia 34,40.28518,-3.80632,B2,http://www.crtm.es,1,,Europe/Madrid,2
est_4_221,221,FUENLABRADA CENTRAL,Calle de la Vía SN,40.28268,-3.79891,B2,http://www.crtm.es,1,,Europe/Madrid,2
est_4_222,222,PARQUE DE LOS ESTADOS,Calle de Venezuela 2,40.286840000000005,-3.7869699999999997,B2,http://www.crtm.es,1,,Europe/Madrid,2
est_4_223,223,ARROYO CULEBRO,Paseo de Juan José Rosón 1,40.288740000000004,-3.75682,B1,http://www.crtm.es,1,,Europe/Madrid,2
est_4_224,224,CONSERVATORIO,Avda de las Arcas del Agua 5,40.293240000000004,-3.7457599999999998,B1,http://www.crtm.es,1,,Europe/Madrid,2
est_4_225,225,ALONSO DE MENDOZA,Calle del Greco 6,40.30081,-3.73664,B1,http://www.crtm.es,1,,Europe/Madrid,2
est_4_226,226,GETAFE CENTRAL,Calle  Ferrocarril 2,40.30993,-3.73403,B1,http://www.crtm.es,1,,Europe/Madrid,2
est_4_227,227,JUAN DE LA CIERVA,Avda de España 20,40.3118,-3.72224,B1,http://www.crtm.es,1,,Europe/Madrid,2
est_4_228,228,EL CASAR,Avda del Casar 2,40.31862,-3.70985,B1,http://www.crtm.es,1,,Europe/Madrid,2
est_4_229,229,LOS ESPARTALES,Avda   Rigoberta Menchú 3,40.32423,-3.7182,B1,http://www.crtm.es,1,,Europe/Madrid,2
est_4_230,230,EL BERCIAL,Avda   Comandante José Manuel Ripollés 4,40.32907,-3.7296300000000002,B1,http://www.crtm.es,1,,Europe/Madrid,2
est_4_231,231,EL CARRASCAL,Avda   Rey Juan Carlos I 85,40.33664,-3.7401800000000005,B1,http://www.crtm.es,1,,Europe/Madrid,2
est_4_232,232,JULIAN BESTEIRO,Avda   Rey Juan Carlos I 23 A,40.33475,-3.7526599999999997,B1,http://www.crtm.es,1,,Europe/Madrid,2
est_4_233,233,CASA DEL RELOJ,Avda   Gibraltar 11,40.3266,-3.7594199999999995,B1,http://www.crtm.es,1,,Europe/Madrid,2
est_4_234,234,HOSPITAL SEVERO OCHOA,Avda   Orellana 3,40.32177,-3.7679699999999996,B1,http://www.crtm.es,1,,Europe/Madrid,2
est_4_235,235,LEGANES CENTRAL,Calle  Virgen del Camino 1,40.328990000000005,-3.7715400000000003,B1,http://www.crtm.es,1,,Europe/Madrid,2
est_4_236,236,SAN NICASIO,Avda   Mar Mediterráneo SN,40.33616,-3.77587,B1,http://www.crtm.es,1,,Europe/Madrid,2
